id,title,startYear,runtimeMinutes,numVotes,countryOfOrigin,awardsOrNominations
tt0359950,The Secret Life of Walter Mitty,2013,114,358680,"US,GB",True
tt0369610,Jurassic World,2015,124,710065,"JP,US",True
tt0062622,2001: A Space Odyssey,1968,149,758947,"GB,US",True
tt0435651,The Giver,2014,97,128925,"CA,ZA,US",True
tt0437086,Alita: Battle Angel,2019,122,314534,"JP,CA,US",True
tt0088178,Stop Making Sense,1984,88,22937,US,True
tt0145487,Spider-Man,2002,121,931009,US,True
tt0064816,The Swimming Pool,1969,122,15308,"FR,IT",False
tt0439572,The Flash,2023,144,237058,"US,CA,AU,NZ",True
tt0448115,Shazam!,2019,132,403200,"US,CA",True
tt0490215,Silence,2016,161,128581,"US,GB,IT,TW,MX,JP",True
tt0455944,The Equalizer,2014,132,449824,US,True
tt0478970,Ant-Man,2015,117,757288,US,True
tt0493405,CHIPS,2017,100,53099,US,True
tt0451279,Wonder Woman,2017,141,723323,"US,CN,HK",True
tt0790636,Dallas Buyers Club,2013,117,537306,US,True
tt0783640,The Last Full Measure,2019,116,14983,US,True
tt0816442,The Book Thief,2013,131,145664,"DE,US,GB",True
tt0787474,The Boxtrolls,2014,96,63566,"US,CA",True
tt0810819,The Danish Girl,2015,119,204065,"GB,US,DE,DK,BE,JP",True
tt0831387,Godzilla,2014,123,456126,"US,JP",True
tt0816692,Interstellar,2014,169,2374947,"US,GB,CA",True
tt0837563,Pet Sematary,2019,100,102306,"US,CA",True
tt0864835,Mr. Peabody & Sherman,2014,92,81707,"US,IN",True
tt0884732,The Wedding Ringer,2015,101,83282,US,True
tt0903657,Love & Mercy,2014,121,44635,US,True
tt0884726,Legends of Oz: Dorothy's Return,2013,88,6460,"US,IN,RU,NL",True
tt0870154,Jungle Cruise,2021,127,222724,"US,HU,CA",True
tt0859635,Super Troopers 2,2018,99,29326,US,True
tt0918940,The Legend of Tarzan,2016,110,194233,"GB,CA,US,AU",True
tt10039344,Countdown,2019,90,50413,US,False
tt0974015,Justice League,2017,120,494623,"US,CA,GB",True
tt0993846,The Wolf of Wall Street,2013,180,1703709,US,True
tt10011448,Linda Ronstadt: The Sound of My Voice,2019,95,2598,US,True
tt10016180,The Little Things,2021,128,135278,US,True
tt10059518,Unhinged,2020,90,84205,"GB,US",True
tt1020072,Selma,2014,128,97885,"US,GB,FR",True
tt10195452,American Skin,2019,90,4098,"IT,US",True
tt10098448,Jesus Revolution,2023,120,15860,US,True
tt10160976,The Nun II,2023,110,71999,US,True
tt10314450,Becky,2020,93,28070,US,True
tt1025100,Gemini Man,2019,117,128318,"US,CN,CO",True
tt1029360,Poltergeist,2015,93,63408,"US,CA",True
tt10298810,Lightyear,2022,105,131796,"US,CA",True
tt10298840,Strange World,2022,102,49081,"US,JP",True
tt10362466,After We Collided,2020,105,42217,US,True
tt10342730,Spiral,2021,93,73943,"US,CA",True
tt10341196,Gigi & Nate,2022,114,2391,"CH,GB,US",True
tt10327252,The Forever Purge,2021,103,46862,"CN,US",True
tt10366206,John Wick: Chapter 4,2023,169,387514,"US,DE",True
tt10473036,The Amazing Maurice,2022,93,6311,"GB,DE,CA",True
tt1043726,The Legend of Hercules,2014,99,57219,"US,BG,DE",True
tt10403420,Terrifier 2,2022,138,75206,US,True
tt10370710,The Worst Person in the World,2021,128,113566,"NO,FR,SE,DK",True
tt10638522,Talk to Me,2022,95,191091,"AU,GB",True
tt10515926,Half Brothers,2020,96,4477,"MX,US",True
tt10545296,The Hunger Games: The Ballad of Songbirds & Snakes,2023,157,165538,"US,CA",True
tt10648342,Thor: Love and Thunder,2022,118,439597,"AU,US",True
tt10633456,Minari,2020,115,105020,US,True
tt1051904,Goosebumps,2015,103,99451,"US,AU",True
tt10676048,The Marvels,2023,105,153166,US,True
tt10720352,Arthur the King,2024,107,35517,"US,CA",True
tt10655524,It Ends with Us,2024,130,90012,US,True
tt10661180,The Last Shift,2020,90,4380,US,True
tt10665338,Halloween Kills,2021,105,104558,US,True
tt1083452,Eddie the Eagle,2015,106,104669,"GB,DE,US",True
tt10731256,Don't Worry Darling,2022,123,167862,US,True
tt1072748,Winchester,2018,99,38345,"AU,US",True
tt1082807,The Belko Experiment,2016,89,64080,"US,CO",False
tt10838180,The Matrix Resurrections,2021,148,295238,"US,AU",
tt1091191,Lone Survivor,2013,121,317184,"GB,US",True
tt10919380,Freaky,2020,102,78570,US,True
tt10855768,Missing,2023,111,68822,"US,RU",True
tt10944596,Here Today,2021,117,6374,US,False
tt10954600,Ant-Man and the Wasp: Quantumania,2023,124,255171,"US,AU,CA",True
tt10872600,Spider-Man: No Way Home,2021,148,964861,US,True
tt1086064,Bill & Ted Face the Music,2020,91,55321,"BS,US",True
tt1086772,Blended,2014,117,153113,US,True
tt10954984,Nope,2022,130,302569,"CA,JP,US",True
tt10954652,Old,2021,108,177819,"CN,JP,US",True
tt11020728,Long Weekend,2021,91,2198,US,False
tt11083552,Wrath of Man,2021,119,227578,"GB,US",True
tt11003218,Pig,2021,92,100458,"US,GB",True
tt1109624,Paddington,2014,95,149091,"GB,FR",True
tt11084896,Spirit Untamed,2021,88,5217,"US,GB",True
tt11057302,Madame Web,2024,116,104586,"US,MX,CA",True
tt11032374,Demon Slayer: Kimetsu no Yaiba - The Movie: Mugen Train,2020,117,86406,JP,True
tt11128440,Clerks III,2022,100,20873,US,False
tt11125620,The Addams Family 2,2021,93,16924,"US,CA,VN,FR,GB",True
tt11138512,The Northman,2022,137,282932,"GB,CN,US",True
tt11229780,Infidel,2019,108,4096,US,True
tt11245972,Scream,2022,114,176360,US,True
tt11152168,IF,2024,104,60388,"CA,US",True
tt11169050,Supernova,2020,95,15638,GB,True
tt11214590,House of Gucci,2021,158,169666,"US,CA,GB",True
tt11271038,Licorice Pizza,2021,133,149483,"US,CA",True
tt1126590,Big Eyes,2014,106,102794,"US,CA",True
tt11252248,Dog,2022,101,49957,US,True
tt11145118,Creed III,2023,116,101775,US,True
tt11285280,Together Together,2021,90,9792,US,True
tt11304740,Wish,2023,95,47671,US,True
tt11349958,Merci pour tout,2019,99,317,CA,True
tt7378922,"Summer of Soul (...Or, When the Revolution Could Not Be Televised)",2021,118,14823,US,True
tt11466222,Jackass Forever,2022,96,53729,US,True
tt11614912,She Dies Tomorrow,2020,86,7664,US,True
tt1170358,The Hobbit: The Desolation of Smaug,2013,161,735558,"NZ,US",True
tt1137450,Death Wish,2018,107,79832,"US,CA",True
tt11389872,Kingdom of the Planet of the Apes,2024,145,156295,US,True
tt11535358,Family Camp,2022,111,3028,US,True
tt1160419,Dune: Part One,2021,155,967722,"US,CA",True
tt11762114,Mean Girls,2024,112,38058,US,True
tt11832046,PAW Patrol: The Movie,2021,86,9152,"CA,US",True
tt11729298,American Underdog,2021,112,26668,US,False
tt11813216,The Banshees of Inisherin,2022,114,282226,"IE,GB,US",True
tt1200263,The Color Purple,2023,141,19426,US,True
tt11858890,The Creator,2023,133,188216,US,True
tt11790780,The Alpinist,2021,92,16054,US,True
tt1179933,10 Cloverfield Lane,2016,103,373983,US,True
tt1204977,Ouija,2014,89,60404,"JP,US",True
tt12003946,Violent Night,2022,112,114761,"CA,US",True
tt1213641,First Man,2018,141,211386,"CN,JP,US",True
tt12193804,Whitney Houston: I Wanna Dance with Somebody,2022,144,25938,US,True
tt1219827,Ghost in the Shell,2017,107,235499,"US,IN,HK,CN,CA",True
tt1206885,Rambo: Last Blood,2019,89,116139,"US,HK,FR,BG,ES,SE,PT",True
tt1226837,Beautiful Boy,2018,120,117240,US,True
tt1211837,Doctor Strange,2016,115,850490,"US,HK,NP",True
tt1205537,Jack Ryan: Shadow Recruit,2014,105,141066,"US,RU,GB",True
tt12261776,65,2023,93,101731,"US,IE,AU,CA",True
tt1212428,The Lost City of Z,2016,141,103360,US,True
tt1229340,Anchorman 2: The Legend Continues,2013,119,198321,US,True
tt1255919,Holmes & Watson,2018,90,40952,"US,CA",True
tt12584954,Twisters,2024,122,178978,"JP,US",True
tt12593682,Bullet Train,2022,127,500726,"US,JP",True
tt1234721,RoboCop,2014,117,245701,"US,CA",True
tt1230168,Same Kind of Different as Me,2017,119,8973,US,True
tt1270797,Venom,2018,112,583707,"US,CN",True
tt1259528,Den of Thieves,2018,140,146934,US,True
tt1267297,Hercules,2014,98,168865,"HU,US",True
tt1253863,300: Rise of an Empire,2014,102,324636,"US,BG",True
tt12412888,Sonic the Hedgehog 2,2022,122,109268,"US,JP,GB",True
tt12758486,Chevalier,2022,108,7722,US,True
tt12873300,Sight,2023,103,1791,US,True
tt12789558,Belfast,2021,98,98512,GB,True
tt1291150,Teenage Mutant Ninja Turtles,2014,101,226132,US,True
tt12873562,The Invitation,2022,105,38969,"US,HU",True
tt12844910,Pathaan,2023,146,161764,IN,True
tt1285009,The Strangers: Prey at Night,2018,85,38355,"GB,US",False
tt1293847,xXx: Return of Xander Cage,2017,107,100098,"CN,CA,US",True
tt1292566,How to Be Single,2016,110,97484,US,True
tt12921446,The Exorcist: Believer,2023,111,47666,US,True
tt13087796,I'm Your Man,2021,108,14422,DE,True
tt1298644,The Hustle,2019,93,69288,"US,ES",True
tt12971924,The Call,2020,97,5529,"US,CA",False
tt13204490,Petite Maman,2021,73,19766,FR,True
tt13238346,Past Lives,2023,105,156630,"US,KR",True
tt13223398,Beast,2022,93,46687,"IS,JP,US",True
tt1322269,August: Osage County,2013,121,97966,US,True
tt13097932,One Life,2023,109,35645,"GB,CZ,AU,US",True
tt13320622,The Lost City,2022,112,171410,US,True
tt13287846,Napoleon,2023,158,175752,"GB,US",True
tt1340138,Terminator Genisys,2015,126,301656,"US,CA",True
tt13345606,Evil Dead Rise,2023,96,157998,"IE,NZ,US",True
tt13321244,Origin,2023,141,7601,US,True
tt13327144,The Forgotten Carols,2020,130,85,US,False
tt13375076,The Pope's Exorcist,2023,103,97705,"US,ES,GB",True
tt13405778,Insidious: The Red Door,2023,107,59502,"US,CA",True
tt13429870,Robot Dreams,2023,103,22162,"ES,FR",True
tt13502506,L'Arracheuse de temps,2021,105,325,CA,True
tt13433802,A Quiet Place: Day One,2024,99,157072,"US,GB,CA",True
tt13521006,Beau Is Afraid,2023,179,73310,"US,GB,FI,CA",True
tt1361336,Tom & Jerry,2021,101,41917,US,True
tt1365519,Tomb Raider,2018,119,235779,"GB,US",True
tt1355631,The Infiltrator,2016,127,83278,"GB,US",True
tt1355630,If I Stay,2014,107,130188,US,True
tt13669038,Women Talking,2022,104,46344,US,True
tt13751694,Animal,2023,204,107744,IN,True
tt1371150,This Is Where I Leave You,2014,103,92605,US,True
tt1355683,Black Mass,2015,123,199098,"US,GB",True
tt1355644,Passengers,2016,116,478682,"HK,AU,US",True
tt13820428,Witnesses,2021,110,465,US,False
tt1390411,In the Heart of the Sea,2015,122,155854,"US,AU,ES",True
tt13833688,The Whale,2022,117,249852,US,True
tt13848804,Journey to Bethlehem,2023,99,3431,"US,ES",True
tt1386697,Suicide Squad,2016,123,744681,US,True
tt1396484,It,2017,135,650126,"US,CA",True
tt13957560,Dumb Money,2023,105,58461,US,True
tt1392190,Mad Max: Fury Road,2015,120,1173873,"AU,US",True
tt1389139,When the Bough Breaks,2016,107,8588,US,True
tt14051976,Camp Hideout,2023,100,1155,US,False
tt1398426,Straight Outta Compton,2015,147,228622,"US,JP",True
tt14109724,Ticket to Paradise,2022,104,78774,"GB,JP,US",True
tt1413492,12 Strong,2018,130,97678,US,True
tt14061478,Lamb of God: The Concert Film,2021,90,165,US,False
tt1418377,"I, Frankenstein",2014,92,85186,"US,AU",True
tt14088510,Tarot,2024,92,33306,"RS,US",True
tt14097180,Somewhere in Queens,2022,106,6110,US,True
tt14208870,The Fabelmans,2022,151,129425,"US,IN",True
tt14209916,Cocaine Bear,2023,95,121922,"US,IE,NZ,NL,GB",True
tt14230388,Asteroid City,2023,105,135798,US,True
tt1408253,Ride Along,2014,99,127149,US,True
tt1433813,Hubble,2010,45,4615,"US,CA",True
tt14351082,Cabrini,2024,142,9181,US,True
tt14362112,Trolls Band Together,2023,91,18622,"US,GB",True
tt1431045,Deadpool,2016,108,1216174,US,True
tt14439896,Father Stu,2022,124,34448,"US,KR",True
tt14230458,Poor Things,2023,141,348126,"IE,GB,US,HU",True
tt14454876,Golda,2023,100,14441,"GB,US",True
tt14444726,Tár,2022,158,105032,US,True
tt14331144,Jujutsu Kaisen 0,2021,112,51575,JP,True
tt1430612,Brick Mansions,2014,90,45141,"FR,CA,US,ES",True
tt14539740,Godzilla x Kong: The New Empire,2024,115,125529,"US,AU",True
tt14561712,La Chimera,2023,131,18577,"IT,FR,CH,TR",True
tt1448754,Thanksgiving,2023,106,72995,"US,CA,AU",True
tt14537248,Nefarious,2023,97,35502,US,True
tt14614892,Dragon Ball Super: Super Hero,2022,100,17567,JP,True
tt1454468,Gravity,2013,91,885003,"GB,US",True
tt1458169,Kidnap,2017,95,40414,US,True
tt14570440,Radical,2023,125,6981,"US,MX",True
tt1464335,Uncharted,2022,116,286003,"ES,US",True
tt1462764,Indiana Jones and the Dial of Destiny,2023,154,222690,US,True
tt14849194,The Holdovers,2023,133,203222,US,True
tt14668630,"Lyle, Lyle, Crocodile",2022,106,17190,"US,GB,IT",True
tt1485796,The Greatest Showman,2017,105,333617,"US,CN",True
tt1489887,Booksmart,2019,102,137556,US,True
tt1478839,The Art of Racing in the Rain,2019,109,42791,US,False
tt1477834,Aquaman,2018,143,540847,US,True
tt1469304,Baywatch,2017,116,212833,"GB,CN,US",True
tt1490017,The Lego Movie,2014,100,404666,"US,DK,AU,NO",True
tt1489889,Central Intelligence,2016,107,228561,"US,CN",True
tt14966898,Late Night with the Devil,2023,93,130688,"AU,AE,US",True
tt15078804,Problemista,2023,104,8708,US,True
tt15109082,The Quiet Girl,2022,95,26462,IE,True
tt1502397,Bad Boys for Life,2020,124,191784,US,True
tt15239678,Dune: Part Two,2024,166,650191,"US,CA,AE,HU,IT,NZ,JO,GM",True
tt1502407,Halloween,2018,106,179934,US,True
tt1502712,Fantastic Four,2015,100,184987,"US,DE,GB,CA",True
tt1517451,A Star Is Born,2018,136,438260,US,True
tt15242330,The First Slam Dunk,2022,124,11705,JP,True
tt1517268,Barbie,2023,114,616805,"US,GB",True
tt1524930,Vacation,2015,99,127895,US,True
tt15325794,Fall,2022,107,125559,"GB,US",True
tt15339456,Marcel the Shell with Shoes On,2021,90,32045,US,True
tt15339570,Champions,2023,124,33804,US,True
tt1528100,Exodus: Gods and Kings,2014,150,183962,"GB,ES,US",True
tt15255876,Emily the Criminal,2022,97,64516,US,True
tt15314262,The Beekeeper,2024,105,164222,"GB,US",True
tt1528854,Daddy's Home,2015,96,135382,US,True
tt15474916,Smile,2022,115,220367,US,True
tt15428940,Jules,2023,87,16355,US,True
tt15398776,Oppenheimer,2023,180,914191,"US,GB",True
tt1563742,Overboard,2018,112,43077,US,True
tt15671028,No Hard Feelings,2023,103,202118,US,True
tt1560220,Zombieland: Double Tap,2019,99,217393,US,True
tt15574270,I Saw the TV Glow,2024,100,39027,"US,GB",True
tt15791034,Barbarian,2022,102,227362,"BG,US",True
tt15488088,Moving On,2022,85,4232,US,True
tt1571249,The Skeleton Twins,2014,93,46101,US,True
tt15837338,PAW Patrol: The Mighty Movie,2023,88,6079,"CA,US",True
tt1587310,Maleficent,2014,97,415771,"US,CA,GB",True
tt15789038,Elemental,2023,101,153238,US,True
tt1609486,Harold and the Purple Crayon,2024,90,9011,US,True
tt1615160,The Foreigner,2017,113,128995,"GB,CN,US,IN,CH",True
tt1594972,Norm of the North,2016,90,10469,"US,IN,IE,CN",False
tt1590193,The Commuter,2018,104,130037,"US,GB,FR,CN,CA,ES",True
tt1619029,Jackie,2016,100,85741,"US,FR,CL,CN",True
tt1617661,Jupiter Ascending,2015,127,199056,"US,AU",True
tt1596345,Pawn Sacrifice,2014,115,52655,US,True
tt1620680,A Wrinkle in Time,2018,109,49052,US,True
tt1618442,The Last Witch Hunter,2015,106,114099,"US,CN,CA",True
tt1596363,The Big Short,2015,130,516357,US,True
tt16227014,Fire of Love,2022,98,15956,"CA,US",True
tt1631867,Edge of Tomorrow,2014,113,779546,"US,CA,IN",True
tt1620981,The Addams Family,2019,86,47406,"CA,US,GB,VN",True
tt16419074,Air,2023,111,186000,US,True
tt1638355,The Man from U.N.C.L.E.,2015,116,348984,"GB,US",True
tt1630029,Avatar: The Way of Water,2022,192,539747,US,True
tt1628841,Independence Day: Resurgence,2016,120,195750,"US,IN",True
tt1646971,How to Train Your Dragon 2,2014,102,387866,"US,IN",True
tt16428256,Suzume,2022,122,55508,JP,True
tt16426418,Challengers,2024,131,160666,"IT,US",True
tt1661382,Grudge Match,2013,113,64112,US,True
tt1661199,Cinderella,2015,105,199883,"GB,US,DK,CA,IT",True
tt1648190,The Dark Tower,2017,95,151843,US,True
tt1655441,The Age of Adaline,2015,112,222178,"US,CA",True
tt1677720,Ready Player One,2018,140,522264,"US,IN,SG,CA,GB,JP,AU",True
tt1663202,The Revenant,2015,156,917349,"US,HK,TW,AR",True
tt1679335,Trolls,2016,92,97613,"US,IN,GB,DE",True
tt1674771,Entourage,2015,104,84662,US,False
tt1661275,Their Finest,2016,117,21886,"GB,SE,FR",True
tt1666801,The DUFF,2015,101,105174,US,True
tt1695843,Haunted Mansion,2023,123,47812,"US,CA",True
tt1698641,"Alexander and the Terrible, Horrible, No Good, Very Bad Day",2014,81,48141,"US,AU",True
tt1684562,The Fall Guy,2024,126,229872,"CA,AU,US",True
tt1686821,Vampire Academy,2014,104,58005,"GB,US,IN",True
tt1691916,Before I Fall,2017,98,59032,US,True
tt1706620,Snowpiercer,2013,126,409405,"KR,CZ",True
tt17024450,The Equalizer 3,2023,109,150269,"US,IT,AU",True
tt1700841,Sausage Party,2016,89,220909,"CA,US",True
tt1727824,Bohemian Rhapsody,2018,134,626233,"GB,US",True
tt17009710,Anatomy of a Fall,2023,151,178738,FR,True
tt1730768,The Zookeeper's Wife,2017,127,48476,"CZ,GB,US",True
tt17279496,Civil War,2024,109,246332,"US,GB,FI",True
tt1742044,Jersey Boys,2014,134,37950,US,True
tt1745960,Top Gun: Maverick,2022,130,791969,US,True
tt1762399,Walking with Dinosaurs 3D,2013,87,12250,"IN,GB,AU,US",True
tt17351924,Saltburn,2023,131,247855,"GB,US",True
tt1741273,Secret in Their Eyes,2015,111,53891,"US,GB,ES,KR",True
tt17663992,Scream VI,2023,122,140304,"US,CA,GB",True
tt1753383,A Dog's Purpose,2017,100,83815,"US,IN",True
tt17527468,Bottoms,2023,91,53451,US,True
tt1791528,Inherent Vice,2014,148,114961,US,True
tt1798603,Bad Santa 2,2016,92,30209,"US,GB,CA",True
tt1798684,Southpaw,2015,124,270346,"US,CN,HK",True
tt1798709,Her,2013,126,706444,US,True
tt1790809,Pirates of the Caribbean: Dead Men Tell No Tales,2017,129,369625,"US,AU,GB,CA",True
tt1772288,Danny Collins,2015,106,34330,US,True
tt1781922,No Escape,2015,103,96814,US,True
tt1800241,American Hustle,2013,138,511402,"US,CN",True
tt1790864,The Maze Runner,2014,113,540570,"US,GB",True
tt1800246,That Awkward Moment,2014,94,109403,US,True
tt1823664,Annie,2014,118,42444,US,True
tt1821549,Nebraska,2013,115,126617,US,True
tt1809398,Unbroken,2014,137,191886,"US,JP",True
tt1838556,Honest Thief,2020,99,61301,US,True
tt1810683,Little Boy,2015,106,24659,"MX,US",True
tt1821658,The Nut Job,2014,85,31515,"CA,KR,US",True
tt18412256,Alien: Romulus,2024,119,256882,"GB,US,HU,AU,NZ,CA",True
tt1840309,Divergent,2014,139,508145,US,True
tt1826590,About Last Night,2014,100,25646,"US,NP",True
tt1825683,Black Panther,2018,134,882135,US,
tt1843866,Captain America: The Winter Soldier,2014,136,942416,US,True
tt1860213,Dirty Grandpa,2016,102,138786,"US,GB",True
tt1860357,Deepwater Horizon,2016,107,193014,"HK,US",True
tt1856080,The Boys in the Boat,2023,123,28494,US,True
tt1856101,Blade Runner 2049,2017,164,721058,"US,CA,ES",True
tt1850457,Sisters,2015,118,72367,US,True
tt1877830,The Batman,2022,176,883039,US,True
tt1877832,X-Men: Days of Future Past,2014,132,773775,"GB,US,CA",True
tt1872194,The Judge,2014,141,214708,US,True
tt1872181,The Amazing Spider-Man 2,2014,142,568130,US,True
tt1929263,Heaven Is for Real,2014,99,29503,"US,CA",True
tt1895587,Spotlight,2015,129,522157,US,True
tt1896747,Fly Me to the Moon,2024,132,52883,US,True
tt1911658,Penguins of Madagascar,2014,92,110217,"US,GB",True
tt1924435,Let's Be Cops,2014,104,142635,US,True
tt1950186,Ford v Ferrari,2019,152,533775,US,True
tt1946502,UglyDolls,2019,87,8327,"CN,LT,US,GB,CA",True
tt19406606,The Shift,2023,115,5960,US,True
tt1935859,Miss Peregrine's Home for Peculiar Children,2016,127,202418,"US,GB,BE,CA",True
tt1951264,The Hunger Games: Catching Fire,2013,146,752766,US,True
tt1951266,The Hunger Games: Mockingjay - Part 2,2015,137,397743,"US,DE,CA,FR",True
tt1951265,The Hunger Games: Mockingjay - Part 1,2014,123,528531,"US,CA,FR",True
tt1959563,The Hitman's Bodyguard,2017,118,257503,"US,HK,BG,NL,CA,GB,FR",True
tt19637052,Love Lies Bleeding,2024,104,59225,"GB,US",True
tt1961175,American Assassin,2017,111,97136,"US,HK",True
tt1959490,Noah,2014,138,272547,US,True
tt1956620,Sex Tape,2014,94,121233,US,True
tt1972591,King Arthur: Legend of the Sword,2017,126,241831,"GB,US,IN,CA",True
tt1972571,A Most Wanted Man,2014,122,83044,"GB,US,DE",True
tt1966359,Father Figures,2017,113,23179,US,True
tt1972779,The Best of Me,2014,118,79723,US,False
tt1979388,The Good Dinosaur,2015,93,134995,"US,JP",True
tt1979376,Toy Story 4,2019,100,300514,US,True
tt19770238,Aftersun,2022,102,117221,"GB,US,TR,PH,NL",True
tt19760052,The Taste of Things,2023,135,18639,"FR,BE",True
tt1981128,Geostorm,2017,111,128453,"US,HK,JP,AE",True
tt1981115,Thor: The Dark World,2013,112,756760,US,True
tt1980929,Begin Again,2013,104,172858,US,True
tt1985966,Cloudy with a Chance of Meatballs 2,2013,95,121351,"US,CA",True
tt1985949,The Angry Birds Movie,2016,97,112076,"US,FI",True
tt2006295,The 33,2015,127,40900,"CL,CO,ES,US",True
tt2015381,Guardians of the Galaxy,2014,121,1325825,"US,GB",True
tt1987680,The Upside,2017,126,67417,US,True
tt2024469,Non-Stop,2014,106,283027,"GB,FR,CA,US",True
tt2004420,Neighbors,2014,97,339530,US,True
tt1995390,Our Kind of Traitor,2016,108,25020,"GB,FR,US",True
tt2039338,Flatliners,2017,109,52806,"US,GB,CA",True
tt2024544,12 Years a Slave,2013,134,768847,"GB,US",True
tt2039393,The Gambler,2014,111,76069,US,True
tt2005151,War Dogs,2016,114,281891,"US,RO",True
tt2066051,Rocketman,2019,121,204608,"GB,US,CA",True
tt2057392,Eye in the Sky,2015,102,94447,"GB,CA,US,ZA",True
tt2042568,Inside Llewyn Davis,2013,104,168602,"US,GB,FR",True
tt2076822,Chaos Walking,2021,109,60911,"US,CA,HK,LU",True
tt2058673,Point Break,2015,114,68039,"DE,US,AT,IT,CA",True
tt2072233,Sleepless,2017,95,35897,US,True
tt2058107,The Railway Man,2013,116,43875,"CH,GB,AU,TH",True
tt2091256,Captain Underpants: The First Epic Movie,2017,89,35072,"US,CA,FR",True
tt2084970,The Imitation Game,2014,114,857663,US,True
tt2080374,Steve Jobs,2015,122,184134,"GB,JP,US",True
tt2096672,Dumb and Dumber To,2014,109,150469,"JP,US",True
tt2094766,Assassin's Creed,2016,115,215398,"US,FR,GB,HK,TW,MT,ES,CA",True
tt2103254,Tammy,2014,97,56287,US,True
tt2106361,Into the Storm,2014,89,73398,US,True
tt2103281,Dawn of the Planet of the Apes,2014,130,502169,"US,GB,CA",True
tt2097298,"McFarland, USA",2015,129,44884,US,True
tt2096673,Inside Out,2015,95,876535,US,True
tt2109248,Transformers: Age of Extinction,2014,165,342483,"US,CN,HK",True
tt21084334,I Heard the Bells,2022,110,1115,US,False
tt21064584,The Iron Claw,2023,132,107663,"GB,US",True
tt2120120,Pixels,2015,105,171872,"CN,US,CA",True
tt21191906,After Death,2023,108,1954,US,True
tt21192142,All of Us Strangers,2023,105,73019,"GB,US",True
tt2126355,San Andreas,2015,114,268766,US,True
tt2119532,Hacksaw Ridge,2016,139,644958,US,True
tt2119543,The House with a Clock in Its Walls,2018,105,57961,"US,CA,IN",True
tt2126357,Second Act,2018,103,31657,US,True
tt21235248,Ghostbusters: Frozen Empire,2024,115,96645,"US,CA,GB",True
tt21232992,Theater Camp,2023,92,18810,US,True
tt21276958,Babes,2024,104,6654,US,True
tt2140479,The Accountant,2016,128,378417,US,True
tt2140373,Saving Mr. Banks,2013,125,173436,"AU,GB,US",True
tt2170439,Horrible Bosses 2,2014,108,190296,US,True
tt21692408,Kung Fu Panda 4,2024,94,71481,"US,CN,JP",True
tt2170593,St. Vincent,2014,102,111598,US,True
tt2170299,Bad Words,2013,89,57034,US,True
tt2140571,The Broken Hearts Gallery,2020,109,10826,"US,CA",True
tt2140507,The Current War,2017,102,32550,"GB,RU,US",False
tt2177771,The Monuments Men,2014,118,146403,"DE,US",True
tt2172934,3 Days to Kill,2014,117,100090,"US,FR",False
tt2199571,Run All Night,2015,114,118424,US,False
tt22022452,Inside Out 2,2024,96,225755,US,True
tt2180411,Into the Woods,2014,125,151630,"US,CA,IT,GB",True
tt2179136,American Sniper,2014,133,554399,US,True
tt2203939,The Other Woman,2014,109,157429,US,True
tt22041854,Priscilla,2023,113,48659,"IT,US,GB",True
tt2183034,Earth to Echo,2014,91,20194,US,True
tt21942866,Dream Scenario,2023,102,87274,"US,CA",True
tt2209764,Transcendence,2014,119,243855,"GB,US",True
tt2205401,Addicted,2014,106,12855,US,False
tt2234003,Calvary,2014,102,66633,"IE,GB,US",True
tt2235108,Dear White People,2014,108,26941,US,True
tt2239822,Valerian and the City of a Thousand Planets,2017,136,205138,"FR,CN,BE,DE,AE,US,CA,QA",True
tt2223990,Draft Day,2014,110,71211,US,True
tt2241351,Money Monster,2016,98,109999,US,True
tt2224026,Home,2015,94,117283,"US,IN",True
tt2226597,The Mountain Between Us,2017,112,86688,US,True
tt2245084,Big Hero 6,2014,102,534146,US,True
tt2247476,When the Game Stands Tall,2014,115,17322,US,True
tt2231461,Rampage,2018,107,195740,US,True
tt2268016,Magic Mike XXL,2015,115,62827,US,True
tt2250912,Spider-Man: Homecoming,2017,133,764915,US,True
tt2277860,Finding Dory,2016,97,322317,US,True
tt22687790,A Haunting in Venice,2023,103,133871,"US,GB,IT",True
tt2262227,The Book of Life,2014,95,81720,"US,MX",True
tt2267968,Kung Fu Panda 3,2016,95,206943,"US,CN",True
tt2267998,Gone Girl,2014,149,1129781,US,True
tt2279339,Love the Coopers,2015,107,28343,US,True
tt2279373,The SpongeBob Movie: Sponge Out of Water,2015,92,65128,"US,KR,AU",True
tt2278388,The Grand Budapest Hotel,2014,99,934222,"US,DE",True
tt2283362,Jumanji: Welcome to the Jungle,2017,119,483384,"US,AU,CA,MX,IN,GB",True
tt2283336,Men in Black: International,2019,114,155617,"US,CN,GB",True
tt2294629,Frozen,2013,102,692942,US,True
tt2304771,Mandela: Long Walk to Freedom,2013,141,29713,"GB,FR,ZA",True
tt2296777,Sherlock Gnomes,2018,86,15002,"GB,US",True
tt2294449,22 Jump Street,2014,112,426134,US,True
tt2293640,Minions,2015,91,275243,"US,FR",True
tt2309260,The Gallows,2015,81,22234,US,True
tt2305051,Wild,2014,115,143726,US,True
tt2304933,The 5th Wave,2016,112,122651,"GB,US",True
tt2316204,Alien: Covenant,2017,122,332206,"GB,US",True
tt2310332,The Hobbit: The Battle of the Five Armies,2014,144,600604,"NZ,US",True
tt2333784,The Expendables 3,2014,126,202412,"US,FR,DE,BG",True
tt2319580,The Grand Seduction,2013,113,20457,CA,True
tt2328900,Mary Queen of Scots,2018,124,57976,"GB,US,CN",True
tt2334871,Snatched,2017,90,38642,US,True
tt23289160,Godzilla Minus One,2023,124,174738,JP,True
tt2322441,Fifty Shades of Grey,2015,125,348640,US,True
tt2338151,PK,2014,153,212827,IN,True
tt2339741,The Woman in Black 2: Angel of Death,2014,98,30158,"GB,CA,US",True
tt2361317,Live by Night,2016,129,61337,US,True
tt2345759,The Mummy,2017,110,216076,"CN,JP,US",True
tt23468450,Longlegs,2024,101,196483,"CA,US",True
tt23561236,American Fiction,2023,117,112398,US,True
tt2361509,The Intern,2015,121,297604,US,True
tt2379713,Spectre,2015,148,483083,"GB,US,MA,IT,AT,CA,MX",True
tt2357291,Rio 2,2014,101,107265,"US,IQ,CA",True
tt2380307,Coco,2017,105,659953,"US,MX",True
tt2378507,The Glass Castle,2017,127,39987,"US,CA,HK",True
tt2365580,"Where'd You Go, Bernadette",2019,109,26902,US,True
tt2382320,No Time to Die,2021,163,468839,"GB,US",True
tt2381111,Brooklyn,2015,117,156059,"IE,GB,CA,US",True
tt2381249,Mission: Impossible - Rogue Nation,2015,131,434369,"US,CN,GB,AT,MA,HK",True
tt2381941,Focus,2015,105,288291,"US,AR",True
tt2388715,Oculus,2013,104,146003,US,True
tt2386490,How to Train Your Dragon: The Hidden World,2019,104,168686,"JP,US",True
tt2381991,The Huntsman: Winter's War,2016,114,124345,"CN,US",True
tt2397461,Clifford the Big Red Dog,2021,96,18183,"US,CA,GB",True
tt2395427,Avengers: Age of Ultron,2015,141,967781,US,True
tt2387499,Keeping Up with the Joneses,2016,105,70989,US,True
tt2402927,Carol,2015,118,149688,"GB,FR,AU,US",True
tt2404181,Belle,2013,100,34266,GB,True
tt2398241,Smurfs: The Lost Village,2017,90,26294,"US,HK,CN,CZ,GB,CA,BE",True
tt2401878,Anomalisa,2015,90,77525,"GB,US",True
tt2402157,The November Man,2014,108,72325,"US,RS",False
tt2404435,The Magnificent Seven,2016,132,238899,"US,AU",True
tt2404233,Gods of Egypt,2016,127,131783,"US,AU,CN,HK",True
tt2404425,Woman in Gold,2015,109,65152,"GB,US,AT",True
tt2431286,Philomena,2013,98,105971,"GB,FR,US",True
tt2406566,Atomic Blonde,2017,115,215342,"US,SE,HU",True
tt2452150,Respect,2021,145,18836,"US,CA",True
tt2452042,The Peanuts Movie,2015,88,52000,US,True
tt2446980,Joy,2015,124,150077,US,True
tt2446042,Taken 3,2014,108,211196,"FR,ES,US",True
tt2436386,Project Almanac,2015,106,86461,US,False
tt2488496,Star Wars: Episode VII - The Force Awakens,2015,138,1005596,"US,GB",True
tt2467046,Left Behind,2014,110,43809,"CA,US",True
tt2465146,And So It Goes,2014,94,15851,US,True
tt2452244,Isn't It Romantic,2019,89,75708,US,True
tt2503944,Burnt,2015,101,139002,"US,GB",True
tt2531344,Blockers,2018,102,90130,US,True
tt2543164,Arrival,2016,116,825947,"US,CA",True
tt2528814,God's Not Dead,2014,113,46283,US,True
tt2510894,Hotel Transylvania 2,2015,89,154456,"US,CA",True
tt2547584,The Light Between Oceans,2016,133,61879,"GB,IN,AU,NZ,US,CA",True
tt2557478,Pacific Rim: Uprising,2018,111,133673,"GB,CN,JP,US,MX,AU",True
tt2527336,Star Wars: Episode VIII - The Last Jedi,2017,152,700432,US,True
tt2527338,Star Wars: Episode IX - The Rise of Skywalker,2019,141,523398,"US,GB",True
tt2543472,Wonder,2017,113,189870,"US,HK,CA",True
tt2555736,The Second Best Exotic Marigold Hotel,2015,122,37077,"GB,IN,US",True
tt2562232,Birdman or (The Unexpected Virtue of Ignorance),2014,119,685250,US,True
tt2582496,Me and Earl and the Dying Girl,2015,105,142735,US,True
tt2582500,Shut In,2016,91,15385,"CA,FR,US,IN",True
tt2568862,Going in Style,2017,96,96331,US,False
tt2567026,Alice Through the Looking Glass,2016,113,130149,"US,TH,GB,IN,CA",True
tt2561572,Get Hard,2015,100,151994,US,True
tt2584384,Jojo Rabbit,2019,108,471109,"CZ,NZ,US,DE",True
tt2582846,The Fault in Our Stars,2014,126,416773,US,True
tt2582782,Hell or High Water,2016,102,267625,US,True
tt2592614,Resident Evil: The Final Chapter,2016,107,105510,"DE,CA",True
tt2649554,Midnight Special,2016,112,85756,US,True
tt2652092,The Good Lie,2014,110,34720,"KE,IN,US,CA,ZA",True
tt26047818,Anyone But You,2023,103,151408,"US,AU",True
tt2660888,Star Trek Beyond,2016,122,265706,"US,CN",True
tt2674426,Me Before You,2016,110,315037,US,True
tt2637276,Ted 2,2015,115,250312,US,True
tt2609758,A Madea Christmas,2013,100,7583,US,True
tt2626350,Step Up All In,2014,112,36977,"US,CA",False
tt2671706,Fences,2016,139,122500,"US,CA",True
tt26753003,Trap,2024,105,146840,"US,CA",True
tt2704998,Game Night,2018,100,267452,US,True
tt2709692,The Grinch,2018,85,104272,US,True
tt2692250,Night at the Museum: Secret of the Tomb,2014,98,143896,"GB,US",True
tt26928684,Summer Camp,2024,95,1753,US,False
tt2702724,The Boss,2016,99,50014,US,True
tt2726560,The Longest Ride,2015,123,92313,US,True
tt2719848,Everest,2015,121,241603,"GB,IS,US",True
tt2709768,The Secret Life of Pets,2016,86,228973,"JP,US",True
tt2713180,Fury,2014,134,584434,"CN,US",True
tt27503384,Perfect Days,2023,124,87207,"JP,DE",True
tt2788732,Pete's Dragon,2016,102,63291,"US,GB,NZ,IN",True
tt2771200,Beauty and the Beast,2017,129,349968,US,True
tt2798920,Annihilation,2018,115,382582,"US,GB",True
tt2752772,Sinister 2,2015,97,64518,"GB,CA,US",True
tt28172032,Escape from Germany,2024,97,1088,US,False
tt2802144,Kingsman: The Secret Service,2014,129,757228,"GB,US",True
tt2784678,Top Five,2014,102,28176,US,True
tt2785390,America: Imagine the World Without Her,2014,105,7225,US,True
tt2823054,Mike and Dave Need Wedding Dates,2016,98,98402,US,True
tt2820852,Furious 7,2015,137,429634,"US,CN,JP,CA,AE",True
tt28479262,Sing Sing,2023,107,24336,US,True
tt2828996,A Haunted House 2,2014,86,24846,US,True
tt28366692,Janet Planet,2023,113,3405,"US,GB",True
tt2837574,The Old Man & the Gun,2018,93,51132,"GB,US",True
tt2850386,The Croods: A New Age,2020,95,58085,"JP,US",True
tt2848292,Pitch Perfect 2,2015,115,176330,US,True
tt2872518,The Shack,2017,132,41467,"US,CA,HK",True
tt2854926,Tag,2018,100,156719,US,True
tt2870708,Wish I Was Here,2014,106,39500,US,True
tt2869728,Ride Along 2,2016,102,65812,US,True
tt28814949,Taylor Swift: The Eras Tour,2023,169,24483,US,True
tt2872732,Lucy,2014,89,561758,"FR,DE,TW,CA,GB",True
tt2872750,Shaun the Sheep Movie,2015,85,45540,"GB,FR",True
tt2873282,Red Sparrow,2018,140,213069,"US,HU",True
tt2883434,Black or White,2014,121,14265,US,True
tt2883512,Chef,2014,114,243970,US,True
tt2908446,Insurgent,2015,119,265611,"US,CA",True
tt2906216,Dungeons & Dragons: Honor Among Thieves,2023,134,263367,"US,CA,GB,IS,IE,AU",True
tt2872718,Nightcrawler,2014,117,643016,US,True
tt2911666,John Wick,2014,101,792848,US,True
tt2932536,47 Meters Down,2017,89,63819,"GB,US,DO",True
tt2935510,Ad Astra,2019,123,272046,"US,CN,BR",True
tt2935476,Far from the Madding Crowd,2015,119,56061,"GB,US",True
tt2937696,Everybody Wants Some!!,2016,117,62886,US,True
tt2918436,The Lazarus Effect,2015,83,47689,US,True
tt2967224,Hot Pursuit,2015,87,56020,US,True
tt2953050,Encanto,2021,102,284711,US,True
tt2948356,Zootopia,2016,108,586011,US,True
tt2938956,The Transporter Refueled,2015,96,46568,"FR,CN,BE",False
tt2974918,Alvin and the Chipmunks: The Road Chip,2015,92,24542,US,True
tt2978462,Dolphin Tale 2,2014,107,10102,US,True
tt2980648,The Hundred-Foot Journey,2014,122,89950,"US,AE,IN",True
tt2975590,Batman v Superman: Dawn of Justice,2016,151,776060,"US,MA",True
tt2975578,The Purge: Anarchy,2014,103,168906,"FR,US",True
tt2980516,The Theory of Everything,2014,123,499258,"GB,JP,US",True
tt2980210,A Hologram for the King,2016,98,48864,"GB,FR,DE,MX,US",True
tt3014666,Moms' Night Out,2014,98,14760,US,True
tt3014284,The Lego Ninjago Movie,2017,101,32392,"US,DK,AU,CA",True
tt3007512,The Water Diviner,2014,111,79708,"AU,US,TR",True
tt30319503,Dìdi,2024,93,13904,US,True
tt3065204,The Conjuring 2,2016,134,321959,"CA,US,GB",True
tt3068194,Love & Friendship,2016,90,27179,"GB,IE,FR,NL",True
tt3076658,Creed,2015,133,324138,US,True
tt3040964,The Jungle Book,2016,106,300578,"GB,US,NZ,FR,CA,IN",True
tt3062096,Inferno,2016,121,197250,"HU,US",True
tt30321095,Ghostlight,2024,115,6548,US,True
tt30395619,Demon Slayer: Kimetsu No Yaiba - To the Hashira Training,2024,104,8984,JP,False
tt3079380,Spy,2015,120,269535,US,True
tt3095734,Monster Trucks,2016,104,19879,"US,CA",True
tt3077214,Suffragette,2015,106,45836,"GB,FR",True
tt3152624,Trainwreck,2015,125,145771,US,True
tt3168230,Mr. Holmes,2015,104,69593,"GB,US",True
tt3104956,The Good House,2021,104,3423,"US,IN",True
tt3195644,Insidious: Chapter 3,2015,97,124526,"GB,CA,US",True
tt3104988,Crazy Rich Asians,2018,120,202515,"US,CN",True
tt3110958,Now You See Me 2,2016,129,342194,"US,HK",True
tt3125324,Beyond the Lights,2014,116,18031,US,True
tt3203606,Trumbo,2015,124,86477,US,True
tt3183660,Fantastic Beasts and Where to Find Them,2016,132,527874,"GB,US,CA",True
tt3201736,Run the Race,2018,101,1853,US,True
tt3224458,A Beautiful Day in the Neighborhood,2019,109,92171,"US,CN",True
tt3210686,Son of God,2014,138,20105,US,True
tt3235888,It Follows,2014,100,289116,US,True
tt3231054,Risen,2016,107,32295,US,True
tt3236120,I'll See You in My Dreams,2015,92,9553,US,True
tt3234122,Widow Clicquot,2023,90,4351,US,False
tt3231010,Island of Lemurs: Madagascar,2014,39,1050,"CA,US,MG",True
tt3228774,Cruella,2021,134,284149,"US,GB,CA,IE",True
tt3281548,Little Women,2019,135,270456,US,True
tt3263904,Sully,2016,96,313767,US,True
tt3332064,Pan,2015,111,68604,"US,GB,AU,IN,CA",True
tt3322364,Concussion,2015,123,103283,"GB,AU,US",True
tt3322940,Annabelle,2014,99,186017,US,True
tt3315342,Logan,2017,137,897420,US,True
tt3300542,London Has Fallen,2016,99,176548,"US,GB,BG",True
tt3371366,Transformers: The Last Knight,2017,154,179502,"US,CN,CA",True
tt3369806,Max,2015,111,29323,US,True
tt3352390,Friend Request,2016,92,28596,"DE,ZA,NL",True
tt3348730,Jigsaw,2017,92,99104,"US,CA",False
tt3385516,X-Men: Apocalypse,2016,144,481811,US,True
tt3393786,Jack Reacher: Never Go Back,2016,118,187019,"US,CN",True
tt3387520,Scary Stories to Tell in the Dark,2019,108,89666,"US,CA,MX,HK",True
tt3387266,A United Kingdom,2016,111,17451,"CZ,GB,FR,US",True
tt3397884,Sicario,2015,121,513446,"US,MX,HK",True
tt3410834,Allegiant,2016,120,142045,US,True
tt3402236,Murder on the Orient Express,2017,114,312765,"US,GB,MT",True
tt3401882,Fist Fight,2017,91,47630,US,True
tt3387542,The Forest,2016,93,47045,"US,GB",True
tt3416828,Ice Age: Collision Course,2016,94,81784,"US,GB",True
tt3411444,Ferdinand,2017,108,68504,"US,GB,CA",True
tt3464902,The Lobster,2015,119,321547,"IE,GB,GR,FR,NL,BE,US",True
tt3427252,The Boogeyman,2023,98,50733,"US,CA",True
tt3450650,Paul Blart: Mall Cop 2,2015,94,43140,US,True
tt3450958,War for the Planet of the Apes,2017,140,318197,"US,CA",True
tt3469046,Despicable Me 3,2017,89,171367,"US,FR",True
tt3470600,Sing,2016,108,204747,"JP,US",True
tt3480822,Black Widow,2021,134,458496,US,True
tt3498820,Captain America: Civil War,2016,147,896208,"US,DE,PR",True
tt3460252,The Hateful Eight,2015,168,697696,US,True
tt3499096,Race,2016,134,43064,"CA,DE,FR,GB,US",True
tt3521164,Moana,2016,107,420566,US,True
tt3513498,The Lego Movie 2: The Second Part,2019,107,81817,"DK,NO,AU,US",True
tt3501632,Thor: Ragnarok,2017,130,863486,US,True
tt3522806,Mechanic: Resurrection,2016,98,99446,"US,FR,BG,DE,TH",True
tt3531824,Nerve,2016,96,144721,"US,HK",True
tt3530002,The Night Before,2015,101,87168,US,True
tt3521126,The Disaster Artist,2017,104,169012,US,True
tt3513548,Richard Jewell,2019,131,103563,US,True
tt3532216,American Made,2017,115,223142,US,True
tt3544112,Sing Street,2016,106,105165,"IE,GB,US",True
tt3553442,Whiskey Tango Foxtrot,2016,112,58332,US,True
tt3553976,Captain Fantastic,2016,118,245088,US,True
tt3581652,West Side Story,2021,156,102954,"US,CA,GB",True
tt3606756,Incredibles 2,2018,118,354640,"US,JP",True
tt3606752,Cars 3,2017,102,139361,"US,JP,AU",True
tt3567288,The Visit,2015,94,166120,US,True
tt3564472,Girls Trip,2017,122,41981,US,True
tt3622592,Paper Towns,2015,109,110337,US,True
tt3612126,The Grudge,2019,94,31381,US,True
tt3612616,Mommy,2014,139,64264,CA,True
tt3628584,Barbershop: The Next Cut,2016,111,16772,US,True
tt3659388,The Martian,2015,144,974438,"US,GB,HU,JO",True
tt3691740,The BFG,2016,117,97035,"GB,IN,US",True
tt3682448,Bridge of Spies,2015,142,338103,"US,IN,DE",True
tt3717252,Underworld: Blood Wars,2016,91,84207,"US,CZ,NL,SE,CA",False
tt3640424,Allied,2016,124,176430,"GB,US,CN",True
tt3631112,The Girl on the Train,2016,112,206672,"US,IN",True
tt3623726,Ricki and the Flash,2015,101,25535,US,True
tt3717490,Power Rangers,2017,124,117376,"US,HK,JP,CA,NZ",True
tt3704428,Elvis,2022,159,252471,"US,AU",True
tt3731562,Kong: Skull Island,2017,118,365393,"US,CN,VN,CA,DE,GB,SG,IN,AU",True
tt3748528,Rogue One: A Star Wars Story,2016,133,732046,US,True
tt3741700,Godzilla: King of the Monsters,2019,132,221499,"US,JP,CN",True
tt3766354,The Equalizer 2,2018,121,218592,US,True
tt3722234,Gosnell: The Trial of America's Biggest Serial Killer,2018,93,4804,US,False
tt3741834,Lion,2016,118,260899,"GB,AU,US",True
tt3758542,Ferrari,2023,130,63679,"US,GB,IT,SA",True
tt3760922,My Big Fat Greek Wedding 2,2016,94,37058,US,True
tt3766394,"Hello, My Name Is Doris",2015,90,22830,US,True
tt3774114,Snowden,2016,134,169176,"US,DE,FR",True
tt3778644,Solo: A Star Wars Story,2018,135,398200,US,True
tt3829266,The Predator,2018,107,155940,"CA,US,GB,IN,AU,BR,CN",True
tt3829920,Only the Brave,2017,134,85439,US,True
tt3799694,The Nice Guys,2016,116,398595,US,True
tt3797868,The Choice,2016,111,48387,US,True
tt3783958,La La Land,2016,128,726547,"US,HK",True
tt3832914,War Room,2015,120,17139,US,True
tt3874544,The Boss Baby,2017,97,151304,US,True
tt3861390,Dumbo,2019,112,86313,"GB,CA,AU,US",True
tt3850214,Dope,2015,103,90849,US,True
tt3896198,Guardians of the Galaxy Vol. 2,2017,136,801993,US,True
tt3915174,Puss in Boots: The Last Wish,2022,102,208951,"JP,US",True
tt3882082,The Boy,2016,97,106099,"US,CA,CN",True
tt3881784,Stronger,2017,119,52061,US,True
tt3949660,Teenage Mutant Ninja Turtles: Out of the Shadows,2016,112,103905,"US,HK,CN",True
tt4034228,Manchester by the Sea,2016,137,338615,US,True
tt4034354,Swiss Army Man,2016,97,138076,US,True
tt3890160,Baby Driver,2017,113,657437,"GB,US",True
tt3892172,Leave No Trace,2018,109,68721,"US,CA",True
tt4003774,Meet the Mormons,2014,78,2066,US,False
tt4046784,Maze Runner: The Scorch Trials,2015,131,294759,US,True
tt4116284,The Lego Batman Movie,2017,104,184184,"US,DK,AU",True
tt4123430,Fantastic Beasts: The Crimes of Grindelwald,2018,134,323192,"GB,US",True
tt4103724,Forever My Girl,2018,108,23684,US,False
tt4052882,The Shallows,2016,86,150424,"US,AU,CA",True
tt4056738,Do You Believe?,2015,120,8546,US,True
tt4126476,After,2019,105,72494,US,True
tt4123432,Fantastic Beasts: The Secrets of Dumbledore,2022,142,185424,"GB,US",True
tt4136084,Florence Foster Jenkins,2016,111,61234,"GB,FR",True
tt4131800,My Little Pony: The Movie,2017,99,8601,"US,CA,BE",True
tt4154664,Captain Marvel,2019,123,641884,"US,AU",True
tt4160708,Don't Breathe,2016,88,320315,"US,HU",True
tt4139124,Keanu,2016,100,54081,US,True
tt4178092,The Gift,2015,108,180696,"US,AU,CN",True
tt4172430,13 Hours: The Secret Soldiers of Benghazi,2016,144,173397,"US,MT",True
tt4154796,Avengers: Endgame,2019,181,1374452,US,
tt4154756,Avengers: Infinity War,2018,149,1302471,"US,NO",True
tt4193394,Indignation,2016,110,12888,"US,CN,BR,DE",True
tt4191580,Meet the Blacks,2016,94,38303,US,False
tt4183692,Woodlawn,2015,123,8173,US,True
tt4257926,Miracles from Heaven,2016,109,30488,US,True
tt4218572,Widows,2018,129,107283,"GB,US",True
tt4209788,Molly's Game,2017,140,197928,"US,CA,CN",True
tt4196776,Jason Bourne,2016,123,251381,"US,CN,ES,JP,IS,DE,IT",True
tt4258698,Southside with You,2016,84,10276,US,True
tt4244998,Alpha,2018,96,69939,"US,CA,CN",True
tt4302938,Kubo and the Two Strings,2016,101,143577,"GB,US",True
tt4353250,The Last Black Man in San Francisco,2019,121,22701,US,True
tt4341582,Queen of Katwe,2016,124,19500,US,True
tt4276820,The Founder,2016,115,195023,US,True
tt4383594,Nine Lives,2016,87,25294,"FR,CN,CA,US",False
tt4364194,The Peanut Butter Falcon,2019,97,115342,US,True
tt4425200,John Wick: Chapter 2,2017,122,548469,"US,IT,HK,CA",True
tt4438848,Neighbors 2: Sorority Rising,2016,92,134720,"CN,US",True
tt4426464,Arctic Dogs,2019,92,2412,"US,CA,GB,IT,IN",True
tt4411596,My Cousin Rachel,2017,106,21732,"GB,US",True
tt4385888,20th Century Women,2016,119,51391,US,True
tt4477536,Fifty Shades Freed,2018,105,79851,"CN,US",True
tt4468740,Paddington 2,2017,103,107518,"FR,GB",True
tt4463894,Shaft,2019,111,61013,US,False
tt4501244,Why Him?,2016,111,131793,US,True
tt4504044,The Prodigy,2019,92,30247,"US,CA,HK",True
tt4481514,The House,2017,88,48963,US,True
tt4481414,Gifted,2017,101,153042,US,True
tt4513674,Café Society,2016,96,83574,US,True
tt4532038,The War with Grandpa,2020,94,26787,"US,GB,CA",True
tt4520988,Frozen II,2019,103,209549,"JP,US",True
tt4513678,Ghostbusters: Afterlife,2021,124,234362,"US,CA",True
tt4500922,Maze Runner: The Death Cure,2018,143,179960,US,True
tt4495098,Gran Turismo,2023,134,125395,"JP,US",True
tt4572514,Patriots Day,2016,133,119283,"HK,US",True
tt4532826,Robin Hood,2018,116,84277,"US,HK,GB,FR",True
tt4575576,Christopher Robin,2018,104,88604,"GB,US,AU,CA,DK",True
tt4537896,White Boy Rick,2018,111,46824,US,True
tt4589218,Five Nights at Freddy's,2023,109,116151,US,True
tt4595882,Can You Ever Forgive Me?,2018,106,57825,US,True
tt4587656,The Star,2017,86,10230,US,True
tt4550098,Nocturnal Animals,2016,116,330471,"US,CN",True
tt4555426,Darkest Hour,2017,125,233025,"GB,US,CN",True
tt4594834,Chi-Raq,2015,127,11056,US,True
tt4629266,Born in China,2016,79,4233,"GB,CN,US",True
tt4630562,The Fate of the Furious,2017,136,266223,"CN,JP,US,MX",True
tt4622512,Battle of the Sexes,2017,121,62257,"GB,US",True
tt4633694,Spider-Man: Into the Spider-Verse,2018,117,741653,"CA,US",True
tt4648786,Harriet,2019,125,33863,"CN,US",True
tt4645330,Denial,2016,109,24525,"GB,US,PL",True
tt4624424,Storks,2016,87,70478,"US,CA",True
tt4649466,Kingsman: The Golden Circle,2017,141,389333,"GB,US,IT",True
tt4651520,Bad Moms,2016,100,138776,"US,CN",True
tt4649416,Almost Christmas,2016,111,8839,"US,CN",True
tt4669788,On the Basis of Sex,2018,120,41236,"US,CN,CA",True
tt4667094,Fifty Shades of Black,2016,92,24115,"US,GB",True
tt4669264,Beirut,2018,109,26133,US,True
tt4669986,Loving,2016,123,38017,"GB,US",True
tt4663548,All Saints,2017,108,2144,US,True
tt4686844,The Death of Stalin,2017,107,121560,"FR,GB,BE,CA,US",True
tt4682786,Collateral Beauty,2016,97,107769,US,True
tt4680182,Colossal,2016,109,72054,"US,ES,CA,KR",True
tt4682266,The New Mutants,2020,94,97541,US,True
tt4695012,It Comes at Night,2017,91,108328,US,True
tt4701182,Bumblebee,2018,114,201107,"US,CN",True
tt4777008,Maleficent: Mistress of Evil,2019,119,127192,"GB,CA,US,FR",True
tt4765284,Pitch Perfect 3,2017,93,75971,"US,CN",True
tt4698684,Hunt for the Wilderpeople,2016,101,148687,NZ,True
tt4779682,The Meg,2018,113,220578,"US,CN",True
tt4786282,Lights Out,2016,81,148564,US,True
tt4824308,God's Not Dead 2,2016,120,14076,US,True
tt4823776,The SpongeBob Movie: Sponge on the Run,2020,91,24125,"US,CA",True
tt4799050,Rough Night,2017,101,57857,US,True
tt4795124,How to Be a Latin Lover,2017,115,18658,"US,MX",True
tt4877122,The Emoji Movie,2017,86,76537,US,True
tt4846340,Hidden Figures,2016,127,277277,US,True
tt4899370,Megan Leavey,2017,116,29549,"US,ES",True
tt4912910,Mission: Impossible - Fallout,2018,147,405531,"US,CN,FR,NO",True
tt4916630,Just Mercy,2019,137,81112,US,True
tt4913966,The Curse of La Llorona,2019,93,61893,US,True
tt4881806,Jurassic World: Fallen Kingdom,2018,128,366972,"US,CN",True
tt4919268,Bad Boys: Ride or Die,2024,115,103785,US,True
tt4925292,Lady Bird,2017,94,353712,US,True
tt4935462,Amazing Grace,2018,89,5344,US,True
tt4975722,Moonlight,2016,111,343774,US,True
tt4960748,Till,2022,130,17029,"US,GB",True
tt5001718,"Everything, Everything",2017,96,43881,US,True
tt4981636,Middle School: The Worst Years of My Life,2016,92,10556,US,True
tt5027774,"Three Billboards Outside Ebbing, Missouri",2017,115,587542,"GB,US",True
tt4971344,The Sisters Brothers,2018,122,74006,"FR,ES,RO,BE,US",True
tt4972582,Split,2016,117,596913,"JP,US",True
tt4964788,Everybody Knows,2018,133,39601,"ES,FR,IT,AR,DE",True
tt5028340,Mary Poppins Returns,2018,130,98651,"US,GB,DK,AU,CA,IN",True
tt5013056,Dunkirk,2017,106,779444,"GB,NL,FR,US",True
tt5074352,Dangal,2016,161,229203,"IN,US",True
tt5033998,Charlie's Angels,2019,118,83349,"US,CN,DE",True
tt5095030,Ant-Man and the Wasp,2018,118,477310,"US,CA",True
tt5052448,Get Out,2017,104,768899,"JP,US",True
tt5052474,Sicario: Day of the Soldado,2018,122,182164,US,True
tt5109280,Raya and the Last Dragon,2021,107,182245,US,True
tt5108870,Morbius,2022,104,165726,US,True
tt5104604,Isle of Dogs,2018,101,202341,"GB,DE,JP,US",True
tt5090568,Transformers: Rise of the Beasts,2023,127,124305,"US,CA,GB,NZ,HU,PE,CN",True
tt5083738,The Favourite,2018,119,249255,"IE,GB,US",True
tt5151570,Mrs. Harris Goes to Paris,2022,115,35257,"GB,FR,HU",True
tt5164214,Ocean's Eight,2018,110,253952,US,True
tt5117670,Peter Rabbit,2018,95,51035,"GB,AU,US",True
tt5113040,The Secret Life of Pets 2,2019,86,74922,"JP,US",True
tt5113044,Minions: The Rise of Gru,2022,87,99800,US,True
tt5164432,"Love, Simon",2018,110,131259,US,True
tt5208252,Operation Finale,2018,122,51831,"US,AR",True
tt5259966,No Manches Frida,2016,114,2917,"US,MX,DE",True
tt5220122,Hotel Transylvania 3: Summer Vacation,2018,97,93875,"US,KR",True
tt5140878,Annabelle: Creation,2017,109,161009,US,True
tt5311514,Your Name.,2016,106,364054,JP,True
tt5314190,Sgt. Stubby: An American Hero,2018,84,2753,"IE,FR,US,CA",True
tt5325452,Boo! A Madea Halloween,2016,103,9840,"HK,US",True
tt5294550,All the Money in the World,2017,132,94791,"US,IT,GB,CN",True
tt5270948,Chappaquiddick,2017,106,15156,"US,SE",True
tt5301662,Marshall,2017,118,27983,"US,CN,HK",True
tt5308322,Happy Death Day,2017,96,177950,US,True
tt5360952,The Hurricane Heist,2018,103,23274,"GB,US",False
tt5390504,Detroit,2017,143,57686,US,True
tt5362988,Wind River,2017,107,299274,"GB,FR,US,CA",True
tt5427194,The Miracle Season,2018,101,6632,US,True
tt5439796,Logan Lucky,2017,118,172560,"US,CN",True
tt5439812,Zola,2020,86,19342,US,True
tt5437928,Colette,2018,111,27438,"GB,US,HU,BE",True
tt5433140,Fast X,2023,141,137803,"CN,JP,US",True
tt5462602,The Big Sick,2017,120,147759,US,True
tt5461944,Hotel Mumbai,2018,123,76252,"AU,US,GB,SG,IN",True
tt5442430,Life,2017,104,269559,US,True
tt5463162,Deadpool 2,2018,119,719657,"US,CA",True
tt5433138,F9: The Fast Saga,2021,143,173381,"JP,US",True
tt5503686,Hustlers,2019,110,111044,US,True
tt5563334,The Good Liar,2019,109,52287,"GB,US",True
tt5563782,Followed,2018,96,2281,US,True
tt5537002,Killers of the Flower Moon,2023,206,286241,US,True
tt5580266,The Hate U Give,2018,133,42490,US,True
tt5580036,"I, Tonya",2017,119,254820,"US,GB,QA",True
tt5523010,The Nutcracker and the Four Realms,2018,99,39237,"CA,US,GB",True
tt5478478,Hostiles,2017,134,102285,US,True
tt5580390,The Shape of Water,2017,123,462899,"US,MX",True
tt5577494,Clemency,2019,112,5697,US,True
tt5616176,2 Hearts,2020,101,10415,US,False
tt5619332,Life of the Party,2018,105,41380,US,True
tt5606664,Doctor Sleep,2019,152,233264,"CA,US",True
tt5607096,"Juliet, Naked",2018,97,25666,"US,GB",True
tt5613484,Mid90s,2018,85,84433,US,True
tt5655222,The Hero,2017,96,10743,US,True
tt5664636,Goosebumps 2: Haunted Halloween,2018,90,25236,US,False
tt5657846,Daddy's Home 2,2017,100,88947,US,True
tt5649144,The Florida Project,2017,111,141326,US,True
tt5646136,Hillary's America: The Secret History of the Democratic Party,2016,106,8102,US,True
tt5688932,Sorry to Bother You,2018,112,92172,US,True
tt5691024,Show Dogs,2018,92,5238,"GB,US",True
tt5690360,Slender Man,2018,93,41105,US,True
tt5672290,The First Omen,2024,119,66455,"US,IT,RS,CA",True
tt5709188,A-X-L,2018,98,14177,US,False
tt5727208,Uncut Gems,2019,135,337485,US,True
tt5697572,Cats,2019,110,58006,"GB,US,CA,AU,JP,CN",True
tt5719700,Home Again,2017,97,36395,US,True
tt5719748,Cold Pursuit,2019,119,82379,"GB,NO,CN,CA,US,FR",True
tt5726086,Insidious: The Last Key,2018,103,76731,US,True
tt5776858,Phantom Thread,2017,130,152750,"US,CN",True
tt5738280,Dutch,2021,109,648,US,False
tt5758778,Skyscraper,2018,102,141166,US,True
tt5774060,Underwater,2020,95,104427,US,True
tt5779228,The Garfield Movie,2024,101,25226,"US,GB,HK",True
tt5734576,The Possession of Hannah Grace,2018,86,28338,US,True
tt5816682,Victoria & Abdul,2017,111,39358,"GB,US,CN",True
tt5814534,Spies in Disguise,2019,102,60692,US,True
tt5814060,The Nun,2018,96,183826,US,True
tt5804314,Let There Be Light,2017,100,3430,US,True
tt5884052,Pokémon: Detective Pikachu,2019,104,191958,"US,JP,GB,CA",True
tt5867314,The Empty Man,2020,137,44931,"US,ZA,FR",True
tt5848272,Ralph Breaks the Internet,2018,112,197295,US,True
tt5952594,The Mustang,2019,96,15030,"FR,BE,US",True
tt5822564,The Kitchen,2019,102,23676,"US,CA",True
tt5827916,A Hidden Life,2019,174,30704,"GB,DE,US",True
tt5962210,Ingrid Goes West,2017,98,50434,US,True
tt5929750,Beatriz at Dinner,2017,82,11156,US,True
tt5886046,Escape Room,2019,99,152613,"US,ZA",True
tt5971474,The Little Mermaid,2023,135,173769,US,True
tt6063050,Acrimony,2018,120,10595,US,True
tt6003368,Diary of a Wimpy Kid: The Long Haul,2017,91,12030,US,True
tt6000478,"Roman J. Israel, Esq.",2017,122,46154,"CA,AE,US",True
tt6095472,The Angry Birds Movie 2,2019,97,39507,"FI,US,AU,CA,GB",True
tt6108178,Disobedience,2017,114,38865,"IE,GB,US,BE",True
tt6105098,The Lion King,2019,118,284959,"US,GB,KE",True
tt6054650,A Question of Faith,2017,104,1241,US,False
tt6053438,First Reformed,2017,113,65687,"US,GB,AU",True
tt6107548,Late Night,2019,102,42712,US,True
tt6113488,The Case for Christ,2017,112,11238,US,True
tt6182908,Smallfoot,2018,96,44534,US,True
tt6146586,John Wick: Chapter 3 - Parabellum,2019,130,460387,"US,MA,UA,IT",True
tt6166392,Wonka,2023,116,179658,"US,GB,CA",True
tt6139732,Aladdin,2019,128,305792,"US,GB,SG,CA,CZ,RS,CN",True
tt6133466,The First Purge,2018,97,75864,"JP,US",True
tt6217804,Boo 2! A Madea Halloween,2017,101,5570,US,True
tt6246322,Don't Breathe 2,2021,98,78535,US,True
tt6225520,The Man Who Invented Christmas,2017,104,20774,"IE,CA,US,GB",True
tt6189022,Angel Has Fallen,2019,121,118321,"US,GB,PT,CA,BG",True
tt6263850,Deadpool & Wolverine,2024,128,514074,"US,GB,NZ,CA",True
tt6266538,Vice,2018,132,170324,US,True
tt6264654,Free Guy,2021,115,468332,"US,CA",True
tt6320628,Spider-Man: Far from Home,2019,129,605789,"US,CZ,AU,CA,IT",True
tt6343314,Creed II,2018,130,164028,US,True
tt6324278,Abominable,2019,97,45317,"CN,JP,US",True
tt6394270,Bombshell,2019,109,132742,"CA,US",True
tt6306064,Adrift,2018,96,64501,"HK,IS,US,GB",True
tt6294822,The Post,2017,116,168478,"US,IN",True
tt6359956,A Bad Moms Christmas,2017,104,60805,"US,CN",True
tt6348138,Missing Link,2019,93,30007,"US,CA,NL,JP",True
tt6443346,Black Adam,2022,125,295493,"US,CA,NZ,HU",True
tt6450186,I Can Only Imagine,2018,110,19685,US,True
tt6450804,Terminator: Dark Fate,2019,128,206226,"US,ES,HU,CN",True
tt6398184,Downton Abbey,2019,122,67437,"GB,CN,US",True
tt6428676,Wonder Park,2019,85,13194,US,True
tt6421110,Proud Mary,2018,89,11305,US,True
tt6472976,Five Feet Apart,2019,116,92204,US,True
tt6475714,Monster Hunter,2020,103,72560,"DE,US,JP,CN,ZA,CA",True
tt6439020,The Personal History of David Copperfield,2019,119,23476,"GB,US",True
tt6467266,Sing 2,2021,110,96618,"JP,US",True
tt6565702,X-Men: Dark Phoenix,2019,113,220264,US,True
tt6495056,Migration,2023,83,41493,"JP,US",True
tt6512428,Indivisible,2018,119,1454,US,True
tt6513120,Fighting with My Family,2019,108,91470,"GB,US",True
tt6543652,Cold War,2018,89,64160,"PL,GB,FR,BE,IN",True
tt6652708,God's Not Dead: A Light in Darkness,2018,105,4922,US,True
tt6663582,The Spy Who Dumped Me,2018,117,85512,"US,CA,DE,HU,NL",True
tt6644200,A Quiet Place,2018,90,634356,US,True
tt6574272,Phoenix Forgotten,2017,87,7428,"US,CN,GB",True
tt6587046,The Boy and the Heron,2023,124,99223,JP,True
tt6673612,Dolittle,2020,101,74965,"CN,JP,US",True
tt6723592,Tenet,2020,150,636561,"US,GB",True
tt6751668,Parasite,2019,132,1081584,KR,True
tt6722030,The Intruder,2019,102,20808,"US,CA",False
tt6718170,The Super Mario Bros. Movie,2023,92,273702,"JP,US",True
tt6710474,Everything Everywhere All at Once,2022,139,586898,US,True
tt6791096,I Feel Pretty,2018,110,59184,"CN,US",True
tt6781982,Night School,2018,111,47952,"US,CN",True
tt6772950,Truth or Dare,2018,100,70982,US,True
tt6791350,Guardians of the Galaxy Vol. 3,2023,150,438303,"US,NZ,FR,CA",True
tt6820256,Arctic,2018,98,61208,"US,IS",True
tt6850820,Peppermint,2018,101,73993,"US,CN",True
tt6811018,The Kid Who Would Be King,2019,120,19820,"GB,US",True
tt6806448,Fast & Furious Presents: Hobbs & Shaw,2019,137,250178,"US,JP",True
tt6802308,The 15:17 to Paris,2018,94,36616,US,True
tt6878306,News of the World,2020,118,99149,"CN,US",True
tt6823368,Glass,2019,129,295109,"CN,US",True
tt6857166,Book Club,2018,104,34054,US,True
tt6857112,Us,2019,116,372024,"CN,JP,US",True
tt6856242,The King's Man,2021,131,188918,"GB,US",True
tt6902332,The Marksman,2021,108,46587,US,False
tt6881490,Sound of Hope: The Story of Possum Trot,2024,130,2247,US,True
tt6911608,Mamma Mia! Here We Go Again,2018,114,116597,"GB,CN,HR,JP,US",True
tt6906292,Retribution,2023,91,26085,"FR,DE,ES,US,CA,IE",True
tt6924650,Midway,2019,138,101533,"US,CA,CN,HK",True
tt6920084,Resident Evil: Welcome to Raccoon City,2021,107,69067,"CA,DE",True
tt6902696,Gloria Bell,2018,102,13628,"CL,US",True
tt6932874,The Boss Baby: Family Business,2021,107,24932,US,True
tt6964076,Pavarotti,2019,114,4021,"US,GB,FR,IT",True
tt6951892,Samson,2018,110,5145,"ZA,US",False
tt7040874,A Simple Favor,2018,117,185569,"CA,US",True
tt7008872,Boy Erased,2018,115,45390,"AU,US,CN",True
tt7014006,Eighth Grade,2018,93,85254,US,True
tt6966692,Green Book,2018,130,645020,"CN,JP,US",True
tt6977338,Good Boys,2019,90,86687,"US,CA",True
tt7125860,If Beale Street Could Talk,2018,119,54136,US,True
tt7097896,Venom: Let There Be Carnage,2021,97,291422,US,True
tt7083526,Breakthrough,2019,116,11543,"US,CA",True
tt7054636,A Madea Family Funeral,2019,109,5390,US,True
tt7126948,Wonder Woman 1984,2020,151,304101,US,True
tt7131622,Once Upon a Time... in Hollywood,2019,161,918435,"US,GB,CN",True
tt7137846,Breaking In,2018,88,17530,"JP,US",True
tt7144666,The Black Phone,2021,103,230716,US,True
tt7130916,Dicks: The Musical,2023,86,3889,US,True
tt7160372,The Zone of Interest,2023,105,137302,"GB,PL,US",True
tt7329656,47 Meters Down: Uncaged,2019,90,32730,"GB,US",False
tt7322224,Triangle of Sadness,2022,147,205514,"GB,SE,DE,MX,FR,TR,DK,US,CH,GR",True
tt7286456,Joker,2019,122,1625673,"US,CA,AU",True
tt7242142,Blindspotting,2018,95,33796,US,True
tt7334528,Uncle Drew,2018,103,16720,US,True
tt7349662,BlacKkKlansman,2018,135,304116,"US,CN",True
tt7349950,It: Chapter Two,2019,169,327736,"US,CA",True
tt7365604,Dog Days,2018,113,5768,US,True
tt7390646,Black and Blue,2019,108,28699,US,True
tt7339792,Unbroken: Path to Redemption,2018,98,3642,US,True
tt7388562,"Paul, Apostle of Christ",2018,108,10868,US,True
tt7424200,Teen Titans GO! To the Movies,2018,84,22991,US,True
tt7405458,A Man Called Otto,2022,126,196265,"US,SE,CA,IE,GB",True
tt7401588,Instant Family,2018,118,130592,US,True
tt7466442,The Bob's Burgers Movie,2022,102,23209,US,True
tt7510222,Despicable Me 4,2024,94,69542,US,True
tt7599146,Sound of Freedom,2023,131,132098,"MX,US",True
tt7605074,The Wandering Earth,2019,125,38319,CN,True
tt7616798,A Dog's Way Home,2019,96,21756,"CN,US",True
tt7547410,Dora and the Lost City of Gold,2019,102,37902,"US,AU,GB",True
tt7549996,Judy,2019,118,57078,"GB,FR,US",True
tt7504818,Ron's Gone Wrong,2021,107,43562,"US,GB,IN",True
tt7664504,Three Identical Strangers,2018,96,43387,"GB,US",True
tt7657566,Death on the Nile,2022,127,203147,US,True
tt7634968,What Men Want,2019,117,33620,US,True
tt7693316,Devotion,2022,139,31043,US,True
tt7740496,Nightmare Alley,2021,150,176588,"US,MX,CA",True
tt7681902,Won't You Be My Neighbor?,2018,95,27742,US,True
tt7690670,SuperFly,2018,116,7937,US,False
tt7668870,Searching,2018,102,188021,"US,RU",True
tt7671064,Brittany Runs a Marathon,2019,104,23393,"US,CA",True
tt7860270,Pandas,2018,42,776,US,True
tt7798634,Ready or Not,2019,95,219223,"US,CA",True
tt7784604,Hereditary,2018,127,426250,US,True
tt7775622,Free Solo,2018,100,82421,US,True
tt7888964,Nobody,2021,92,357472,"CN,JP,US",True
tt7984734,The Lighthouse,2019,109,286375,"CA,US",True
tt8004664,Come Play,2020,96,19536,"US,IN",True
tt7975244,Jumanji: The Next Level,2019,123,307119,"US,IN,AU,NZ,TH,CA,KR,CN,NL",True
tt7959026,The Mule,2018,116,162678,"US,CA",True
tt7905466,They Shall Not Grow Old,2018,99,39887,"GB,NZ",True
tt8079248,Yesterday,2019,116,177215,"GB,CN,JP,US",True
tt8045906,Words on Bathroom Walls,2020,110,14989,US,True
tt8041270,Jurassic World: Dominion,2022,147,231628,"CN,US",True
tt8080302,Penguins,2019,76,1978,"US,GB",True
tt8093700,The Woman King,2022,135,80080,"US,ZA,IE",True
tt8085790,Little,2019,109,15662,"CN,US",True
tt8115900,The Bad Guys,2022,100,68699,"JP,US",True
tt8155288,Happy Death Day 2U,2019,100,92302,"JP,US",True
tt8151874,Honey Boy,2019,94,42226,US,True
tt8110900,Running the Bases,2022,127,721,US,True
tt8110652,Bodies Bodies Bodies,2022,94,85020,"US,FR",True
tt8266310,Blinded by the Light,2019,118,28130,"GB,US,FR",True
tt8186318,Overcomer,2019,119,6187,US,True
tt8277246,His Only Son,2023,106,2844,US,False
tt8291224,Uri: The Surgical Strike,2019,138,76827,IN,True
tt8338076,Queen Bees,2021,100,4569,US,True
tt8350360,Annabelle Comes Home,2019,106,94549,US,True
tt8305806,The Wretched,2019,95,20815,US,True
tt8332922,A Quiet Place Part II,2020,97,307715,US,True
tt8333746,Pinocchio,2019,125,15462,"IT,FR,GB,BE",True
tt8368512,The Courier,2020,112,79288,"GB,US",True
tt8367814,The Gentlemen,2019,113,438121,"US,GB",True
tt8364368,Crawl,2019,87,99829,US,True
tt8356942,The 355,2022,122,41458,"CN,US",True
tt8521778,Bob Marley: One Love,2024,107,35484,US,True
tt8385474,A Dog's Journey,2019,109,31401,"CN,IN,HK,US",True
tt8564902,Death of a Nation,2018,108,7495,US,True
tt8385148,Hitman's Wife's Bodyguard,2021,100,115663,"GB,US,SE,BG,FR",True
tt8589698,Teenage Mutant Ninja Turtles: Mutant Mayhem,2023,99,74430,"US,JP,CA",True
tt8579674,1917,2019,119,735833,"GB,US,IN,ES,CA",True
tt8477134,Tulsa,2020,120,1271,US,True
tt8376234,Peter Rabbit 2: The Runaway,2021,93,16064,"US,AU",True
tt8623904,Last Christmas,2019,103,98246,"GB,CN,US",True
tt8609660,My Penguin Friend,2024,97,5859,"BR,US,ES",True
tt8760708,M3GAN,2022,102,170401,"US,NZ",True
tt8637428,The Farewell,2019,100,74321,"US,CN",True
tt8688634,21 Bridges,2019,99,78782,"US,CN",True
tt8722346,Queen & Slim,2019,132,36262,"CA,US",True
tt8760684,Apollo 11,2019,93,28102,US,True
tt8884430,Echo in the Canyon,2018,82,4202,US,True
tt8847712,The French Dispatch,2021,107,160916,"US,DE,SE,FR,GB",True
tt8829830,Fatale,2020,102,15497,US,False
tt8772262,Midsommar,2019,148,455216,"US,SE",True
tt8912936,DC League of Super-Pets,2022,105,79402,"US,AU,CA",True
tt9024106,Unplanned,2019,109,15006,US,True
tt8969332,The Biggest Little Farm,2018,91,9547,US,True
tt9098454,The Girl Who Believes in Miracles,2021,100,2044,US,False
tt8946378,Knives Out,2019,130,824616,US,True
tt8928230,¿Y cómo es él?,2020,95,285,MX,True
tt9032400,Eternals,2021,156,412470,US,True
tt9114286,Black Panther: Wakanda Forever,2022,161,336776,US,
tt9098872,The Rescue,2021,107,22441,"GB,US",True
tt9071322,Dark Waters,2019,126,116958,US,True
tt9116358,Promare,2019,111,5691,JP,True
tt9347730,Candyman,2021,91,80675,"CA,AU,US",True
tt9224104,Meg 2: The Trench,2023,116,94838,"US,CN,TH,DE,CA,GB",True
tt9271672,Prey for the Devil,2022,93,20236,US,False
tt9340860,Let Him Go,2020,113,37607,US,True
tt9362930,Blue Beetle,2023,127,110351,"US,MX,CA,DE",True
tt9362722,Spider-Man: Across the Spider-Verse,2023,140,468697,US,True
tt9357050,Dear Evan Hansen,2021,137,20279,"CN,JP,US",True
tt9134216,Playing with Fire,2019,96,17332,US,True
tt9411972,Where the Crawdads Sing,2022,125,149584,US,True
tt9376612,Shang-Chi and the Legend of the Ten Rings,2021,132,468696,US,True
tt9603212,Mission: Impossible - Dead Reckoning Part One,2023,163,305358,US,True
tt9620288,King Richard,2021,144,148285,"US,AU",True
tt9487594,Compulsive Liar,2019,111,1160,CA,True
tt9419056,The Unholy,2021,99,29986,US,True
tt9426210,Weathering with You,2019,112,64673,"JP,CN",True
tt9419884,Doctor Strange in the Multiverse of Madness,2022,126,521249,US,True
tt9620292,Promising Young Woman,2020,113,226740,"GB,US",True
tt9731534,The Night House,2020,107,74115,"GB,US",True
tt9682428,Night Swim,2024,98,28277,"AU,US",True
tt9663764,Aquaman and the Lost Kingdom,2023,124,109187,"US,GB,CA,AU,IS",True
tt9883996,Dream Horse,2020,113,7481,GB,True
tt9735462,Aline,2020,126,3610,"FR,CA,BE,ES,US",True
tt9764362,The Menu,2022,107,463537,US,True
tt9784798,Judas and the Black Messiah,2021,126,95537,US,True
